{
  "ABW": 4.90298E-05,
  "AND": 0.000128022,
  "AFG": 0.177659534,
  "AGO": 0.339585945,
  "ALB": 0.007463427,
  "ARB": 3.710304271,
  "ARE": 0.022771625,
  "ARG": 0.745441133,
  "ARM": 0.007757606,
  "ASM": 5.44776E-05,
  "ATG": 0.000119851,
  "AUS": 2.092565258,
  "AUT": 0.022447211,
  "AZE": 0.022515036,
  "BDI": 0.00699492,
  "BEL": 0.008247904,
  "BEN": 0.030714455,
  "BFA": 0.074525319,
  "BGD": 0.035456728,
  "BGR": 0.029570426,
  "BHR": 0.000207015,
  "BHS": 0.002726602,
  "BIH": 0.013891781,
  "BLR": 0.055270221,
  "BLZ": 0.006213167,
  "BMU": 1.36194E-05,
  "BOL": 0.295077769,
  "BRA": 2.304243312,
  "BRB": 0.000117127,
  "BRN": 0.001435484,
  "BTN": 0.01045806,
  "BWA": 0.154370372,
  "CAF": 0.169692189,
  "CAN": 2.476961731,
  "CHE": 0.010895514,
  "CHI": 5.17537E-05,
  "CHL": 0.20252909,
  "CHN": 2.540695015,
  "CIV": 0.08661934,
  "CMR": 0.128760465,
  "COG": 0.093020454,
  "COL": 0.302214331,
  "COM": 0.000506914,
  "CPV": 0.001097723,
  "CRI": 0.013908124,
  "CSS": 0.110276225,
  "CUB": 0.028992964,
  "CYM": 6.53731E-05,
  "CYP": 0.002516864,
  "CZE": 0.021039238,
  "DEU": 0.094946236,
  "DJI": 0.006313951,
  "DMA": 0.000204291,
  "DNK": 0.011557417,
  "DOM": 0.013161781,
  "DZA": 0.648757062,
  "EAP": 4.318954645,
  "EAS": 6.625930008,
  "ECA": 1.72606712,
  "ECS": 7.457864665,
  "ECU": 0.067650249,
  "EGY": 0.271148495,
  "EMU": 0.694999532,
  "ERI": 0.027511174,
  "ESP": 0.135867065,
  "EST": 0.011546521,
  "ETH": 0.27238786,
  "EUU": 1.15429286,
  "FIN": 0.082775947,
  "FJI": 0.004976526,
  "FRA": 0.149175936,
  "FRO": 0.000380253,
  "FSM": 0.00086347,
  "GAB": 0.07018618,
  "GBR": 0.065898795,
  "GEO": 0.018928232,
  "GHA": 0.061979134,
  "GIN": 0.066931145,
  "GMB": 0.002756565,
  "GNB": 0.007659547,
  "GNQ": 0.007640479,
  "GRC": 0.035110795,
  "GRD": 9.26119E-05,
  "GRL": 0.111801597,
  "GTM": 0.029189083,
  "GUM": 0.000147089,
  "GUY": 0.05361955,
  "HIC": 13.9793838,
  "HKG": 0.000283828,
  "HND": 0.030477478,
  "HPC": 5.380376891,
  "HRV": 0.015242825,
  "HTI": 0.007507009,
  "HUN": 0.024659273,
  "IDN": 0.493449676,
  "IMN": 0.000155261,
  "IND": 0.809860862,
  "IRL": 0.0187648,
  "IRN": 0.44359725,
  "IRQ": 0.118303495,
  "ISL": 0.027306883,
  "ISR": 0.005894473,
  "ITA": 0.080120165,
  "JAM": 0.002949961,
  "JOR": 0.024182594,
  "JPN": 0.099285375,
  "KAZ": 0.735365506,
  "KEN": 0.155026827,
  "KGZ": 0.052243992,
  "KHM": 0.048081905,
  "KIR": 0.000220634,
  "KNA": 7.08208E-05,
  "KOR": 0.026448861,
  "KSV": 0.002965487,
  "KWT": 0.004853952,
  "LAC": 5.229024305,
  "LAO": 0.062867118,
  "LBN": 0.002786528,
  "LBR": 0.026236399,
  "LBY": 0.479277336,
  "LCA": 0.000166157,
  "LCN": 5.486543056,
  "LDC": 5.493519726,
  "LIC": 4.099004472,
  "LIE": 4.35821E-05,
  "LKA": 0.017081443,
  "LMC": 5.610180723,
  "LMY": 21.35268971,
  "LSO": 0.008269695,
  "LTU": 0.017071637,
  "LUX": 0.000705485,
  "LVA": 0.016942525,
  "MAC": 7.62686E-06,
  "MAR": 0.121566702,
  "MCO": 5.44776E-07,
  "MDA": 0.008949031,
  "MDG": 0.158404436,
  "MDV": 8.17164E-05,
  "MEA": 3.060552721,
  "MEX": 0.529508381,
  "MHL": 4.90298E-05,
  "MIC": 17.25368524,
  "MKD": 0.006869622,
  "MLI": 0.332364943,
  "MLT": 8.71641E-05,
  "MMR": 0.177948265,
  "MNA": 2.353722567,
  "MNE": 0.003663617,
  "MNG": 0.423170884,
  "MNP": 0.000125298,
  "MOZ": 0.214200366,
  "MRT": 0.280750168,
  "MUS": 0.000552947,
  "MWI": 0.025680727,
  "MYS": 0.089493031,
  "NAC": 4.96862151,
  "NAM": 0.224254201,
  "NCL": 0.00497925,
  "NER": 0.345033703,
  "NGA": 0.248082691,
  "NIC": 0.032779155,
  "NLD": 0.009187643,
  "NOC": 5.405744645,
  "NOR": 0.082874006,
  "NPL": 0.0390468,
  "NZL": 0.071722447,
  "OEC": 8.573639157,
  "OED": 9.33744468,
  "OMN": 0.084304043,
  "OSS": 0.506934237,
  "PAK": 0.209978354,
  "PAN": 0.020249314,
  "PER": 0.348656461,
  "PHL": 0.081217888,
  "PLW": 0.000125298,
  "PNG": 0.123353566,
  "POL": 0.082846768,
  "PRI": 0.00241608,
  "PRK": 0.032798222,
  "PRT": 0.024915318,
  "PRY": 0.108219697,
  "PSS": 0.018154651,
  "PYF": 0.00099694,
  "QAT": 0.003162423,
  "ROU": 0.06269279,
  "RUS": 4.460860576,
  "RWA": 0.006719809,
  "SAS": 1.299623496,
  "SAU": 0.585549459,
  "SDN": 0.647193556,
  "SEN": 0.052442835,
  "SGP": 0.000190672,
  "SLB": 0.007624136,
  "SLE": 0.019508419,
  "SLV": 0.005643876,
  "SMR": 1.63433E-05,
  "SOM": 0.1708798,
  "SRB": 0.023823042,
  "SSA": 6.425297581,
  "SSF": 6.432938061,
  "SST": 0.635365113,
  "STP": 0.000261492,
  "SUR": 0.042492506,
  "SVK": 0.013098587,
  "SVN": 0.005485892,
  "SWE": 0.111771635,
  "SWZ": 0.004685071,
  "SYC": 0.000125298,
  "SYR": 0.050018583,
  "TCA": 0.000258768,
  "TCD": 0.342990794,
  "TGO": 0.014815176,
  "THA": 0.139160234,
  "TJK": 0.038123405,
  "TKM": 0.128003227,
  "TLS": 0.004050407,
  "TON": 0.000196119,
  "TTO": 0.00139735,
  "TUN": 0.042318178,
  "TUR": 0.209637869,
  "TUV": 8.17164E-06,
  "TZA": 0.241281167,
  "UGA": 0.054425818,
  "UKR": 0.157799735,
  "UMC": 11.64350452,
  "URY": 0.047673323,
  "USA": 2.49164616,
  "UZB": 0.115873796,
  "VCT": 0.000106231,
  "VEN": 0.240259712,
  "VIR": 9.53358E-05,
  "VNM": 0.084459304,
  "VUT": 0.003320408,
  "PSE": 0.001639775,
  "WLD": 35.33207352,
  "WSM": 0.000770858,
  "YEM": 0.143812619,
  "ZAF": 0.330430989,
  "COD": 0.617516898,
  "ZMB": 0.202490411,
  "ZWE": 0.105373244
}